SKU_CD,PLNT_CD,SLOC_CD,SNAP_DT,OH_STK_QTY,INTR_TRNSIT_QTY,OPEN_PO_QTY,RSVD_SO_QTY,AVAIL_STK_QTY,SS_QTY,ROP_VAL,LT_DAYS,MOQ_QTY,DOH_CNT,DOS_CNT,INV_STS_CD,LAST_GR_DT,LAST_GI_DT,EOQ_QTY
RF01000,PLNT_CHI,SL83,2026-05-15,6495,860,1303,2004,3847,1626,2252,11,100,14.7,54.4,EXCESS,2026-05-02,2026-05-15,3453
RF01000,PLNT_DAL,SL68,2026-05-15,11838,860,3936,4792,7609,1323,1808,11,250,75.4,25.3,EXCESS,2026-05-09,2026-05-15,3645
RF01000,PLNT_ATL,SL57,2026-05-15,6600,188,4338,6539,3470,572,1276,9,100,68.8,26.1,OK,2026-05-06,2026-05-13,3625
RF01000,PLNT_LAX,SL63,2026-05-15,13489,1275,4495,9727,13298,940,1388,21,500,50.9,83.0,OK,2026-04-22,2026-05-13,2302
RF01001,PLNT_CHI,SL29,2026-05-15,10711,1810,1402,3735,6849,1170,1391,17,100,27.0,167.4,OK,2026-04-19,2026-05-09,3091
RF01001,PLNT_DAL,SL95,2026-05-15,13499,1819,4523,4596,6865,758,1413,17,100,46.9,44.2,OK,2026-05-07,2026-05-14,4146
RF01001,PLNT_ATL,SL85,2026-05-15,6893,1074,634,6705,4663,1216,1637,13,250,21.1,23.6,OK,2026-05-01,2026-05-12,4291
RF01001,PLNT_LAX,SL51,2026-05-15,8424,1011,4935,951,5946,335,796,21,100,35.2,29.1,LOW,2026-04-25,2026-05-09,1873
RF01002,PLNT_CHI,SL80,2026-05-15,6635,1048,3631,3367,5794,1893,2556,9,500,20.9,13.7,OK,2026-05-15,2026-05-08,3765
RF01002,PLNT_DAL,SL97,2026-05-15,1298,222,1477,234,652,509,852,21,1000,2.9,11.3,OK,2026-04-18,2026-05-10,1222
RF01002,PLNT_ATL,SL82,2026-05-15,8965,1325,4423,8568,5795,1999,2658,6,250,18.6,25.8,LOW,2026-04-29,2026-05-13,717
RF01002,PLNT_LAX,SL59,2026-05-15,10630,1464,4882,600,9660,1894,2494,3,1000,143.6,35.7,OK,2026-04-30,2026-05-13,1679
RF01003,PLNT_CHI,SL45,2026-05-15,6350,1854,4189,5429,4562,1333,2054,10,250,16.4,21.0,EXCESS,2026-04-16,2026-05-15,2487
RF01003,PLNT_DAL,SL51,2026-05-15,11695,942,4186,10062,8306,847,992,16,1000,23.8,30.7,LOW,2026-05-08,2026-05-12,3271
RF01003,PLNT_ATL,SL66,2026-05-15,5805,483,831,1399,3110,1614,2170,3,1000,11.6,66.3,OK,2026-05-05,2026-05-15,3107
RF01003,PLNT_LAX,SL92,2026-05-15,7208,191,4299,3919,4678,1584,1717,14,250,20.1,20.0,LOW,2026-04-29,2026-05-11,2795
RF01004,PLNT_CHI,SL23,2026-05-15,4315,1990,625,2550,4054,291,709,14,250,20.8,82.8,LOW,2026-04-23,2026-05-14,1748
RF01004,PLNT_DAL,SL61,2026-05-15,3716,1097,3636,466,3052,1527,1957,4,250,10.0,11.4,EXCESS,2026-04-28,2026-05-14,806
RF01004,PLNT_ATL,SL78,2026-05-15,9548,109,1164,3803,7070,1508,2056,17,1000,20.7,65.2,OK,2026-04-29,2026-05-11,2657
RF01004,PLNT_LAX,SL39,2026-05-15,6750,1678,3467,5944,5000,1168,1856,12,100,33.4,82.4,OK,2026-04-15,2026-05-13,3115
RF01005,PLNT_CHI,SL25,2026-05-15,7860,727,4770,7740,5820,647,1257,19,250,33.2,23.6,EXCESS,2026-04-26,2026-05-13,4097
RF01005,PLNT_DAL,SL14,2026-05-15,3826,279,4627,3399,3645,413,1034,15,250,17.5,25.7,EXCESS,2026-04-24,2026-05-11,1840
RF01005,PLNT_ATL,SL21,2026-05-15,13461,769,3054,1130,8956,664,996,8,500,59.3,37.4,OK,2026-05-08,2026-05-09,3687
RF01005,PLNT_LAX,SL59,2026-05-15,392,1733,3857,363,327,1155,1467,12,500,1.6,2.6,OK,2026-04-22,2026-05-10,4962
RF01006,PLNT_CHI,SL88,2026-05-15,4643,235,3479,521,2833,1531,1715,18,500,91.0,107.5,EXCESS,2026-04-17,2026-05-13,1130
RF01006,PLNT_DAL,SL92,2026-05-15,8415,1708,2348,1620,6548,1560,1756,15,100,18.6,20.2,OK,2026-04-30,2026-05-09,979
RF01006,PLNT_ATL,SL98,2026-05-15,11554,997,3684,4715,11343,1409,1770,20,250,27.1,34.3,CRIT,2026-04-18,2026-05-13,4891
RF01006,PLNT_LAX,SL13,2026-05-15,6636,1662,1241,3479,4038,791,1571,10,250,29.1,19.6,LOW,2026-04-27,2026-05-09,2033
RF01007,PLNT_CHI,SL67,2026-05-15,1909,941,1008,1228,1145,1342,1635,16,1000,7.9,13.8,OK,2026-05-13,2026-05-15,1643
RF01007,PLNT_DAL,SL32,2026-05-15,5135,1661,262,1101,4611,1729,2232,10,500,43.5,19.5,EXCESS,2026-05-07,2026-05-15,1092
RF01007,PLNT_ATL,SL63,2026-05-15,14739,999,2933,10112,8674,627,1175,16,250,254.1,51.8,CRIT,2026-04-26,2026-05-14,3182
RF01007,PLNT_LAX,SL25,2026-05-15,2453,561,2406,110,2117,1501,1912,11,1000,15.5,7.7,CRIT,2026-05-13,2026-05-08,2990
RF01008,PLNT_CHI,SL27,2026-05-15,13950,1778,3087,13329,13520,1009,1478,16,500,131.6,65.9,OK,2026-04-21,2026-05-13,3609
RF01008,PLNT_DAL,SL92,2026-05-15,3574,781,2743,1458,2381,336,1017,21,500,8.2,11.2,OK,2026-04-24,2026-05-08,3577
RF01008,PLNT_ATL,SL13,2026-05-15,13939,443,4485,5298,13919,738,932,12,100,98.9,68.0,OK,2026-04-22,2026-05-12,2720
RF01008,PLNT_LAX,SL71,2026-05-15,12771,288,1479,8739,8381,790,1589,11,1000,76.5,302.3,OK,2026-04-21,2026-05-12,2412
RF01010,PLNT_CHI,SL99,2026-05-15,1083,171,3062,987,784,717,1186,11,1000,3.1,15.0,OK,2026-05-12,2026-05-11,4251
RF01010,PLNT_DAL,SL37,2026-05-15,8617,130,1097,132,6246,1258,1835,21,500,151.2,51.4,OK,2026-05-01,2026-05-08,4067
RF01010,PLNT_ATL,SL99,2026-05-15,6961,1082,3063,4112,6750,394,1020,9,100,87.0,17.5,LOW,2026-04-30,2026-05-12,1202
RF01010,PLNT_LAX,SL21,2026-05-15,5112,1921,531,2049,4175,622,1318,5,500,18.9,21.9,OK,2026-04-25,2026-05-14,621
RF01011,PLNT_CHI,SL22,2026-05-15,7960,92,3320,5168,5812,1835,2496,5,1000,37.4,47.5,OK,2026-04-21,2026-05-08,933
RF01011,PLNT_DAL,SL64,2026-05-15,6660,1683,4736,5378,5850,1515,2176,3,250,38.1,111.8,OK,2026-05-07,2026-05-13,2107
RF01011,PLNT_ATL,SL34,2026-05-15,200,111,1515,128,145,1027,1161,4,250,0.4,4.1,LOW,2026-05-05,2026-05-15,3174
RF01011,PLNT_LAX,SL22,2026-05-15,14999,196,2369,12914,13743,1901,2142,8,500,238.1,64.3,OK,2026-05-12,2026-05-10,1117
RF01012,PLNT_CHI,SL12,2026-05-15,4195,195,3291,3476,3172,854,1556,21,250,27.1,51.8,OK,2026-04-18,2026-05-13,2776
RF01012,PLNT_DAL,SL33,2026-05-15,612,1361,1442,48,422,264,691,10,250,2.5,3.1,OK,2026-04-15,2026-05-15,1118
RF01012,PLNT_ATL,SL36,2026-05-15,1865,457,4717,206,1668,1752,2064,11,500,11.2,32.3,OK,2026-04-29,2026-05-09,1456
RF01012,PLNT_LAX,SL52,2026-05-15,13051,1704,3372,11129,10731,639,901,10,500,59.3,84.8,OK,2026-04-29,2026-05-09,2944
RF01013,PLNT_CHI,SL10,2026-05-15,12656,354,2160,9562,8462,1846,2251,17,1000,46.9,97.4,OK,2026-04-22,2026-05-15,3421
RF01013,PLNT_DAL,SL45,2026-05-15,4055,1355,4692,2253,2751,1095,1659,18,250,11.0,39.5,LOW,2026-04-19,2026-05-12,3418
RF01013,PLNT_ATL,SL59,2026-05-15,6631,1965,3311,3038,5270,1909,2103,13,250,19.6,37.1,OK,2026-04-17,2026-05-09,1791
RF01013,PLNT_LAX,SL89,2026-05-15,6057,1876,3412,3411,4828,1812,2164,19,100,58.8,24.5,LOW,2026-05-04,2026-05-12,2541
RF01014,PLNT_CHI,SL46,2026-05-15,6624,1798,3617,6368,5515,1938,2633,14,250,15.0,30.3,LOW,2026-04-24,2026-05-12,3269
RF01014,PLNT_DAL,SL91,2026-05-15,3414,1803,4723,2258,2720,1349,2043,16,250,7.9,34.7,OK,2026-04-17,2026-05-09,4545
RF01014,PLNT_ATL,SL70,2026-05-15,9705,167,1283,7498,6278,508,912,6,500,64.7,37.2,EXCESS,2026-05-05,2026-05-11,2240
RF01014,PLNT_LAX,SL74,2026-05-15,10802,1534,3515,4036,6070,786,1306,20,500,171.5,27.7,OK,2026-04-22,2026-05-13,2925
RF01015,PLNT_CHI,SL63,2026-05-15,9265,196,2903,3679,5169,1163,1867,10,100,100.7,38.6,CRIT,2026-04-29,2026-05-12,4283
RF01015,PLNT_DAL,SL36,2026-05-15,1448,970,1071,777,1388,259,609,3,1000,5.0,31.7,LOW,2026-04-21,2026-05-15,1281
RF01015,PLNT_ATL,SL80,2026-05-15,4487,1851,156,1146,2904,1298,2026,16,1000,10.6,16.4,OK,2026-05-11,2026-05-14,2838
RF01015,PLNT_LAX,SL66,2026-05-15,6524,812,1506,2648,3893,1805,2106,21,500,34.0,16.4,OK,2026-04-19,2026-05-13,3683
RF01016,PLNT_CHI,SL36,2026-05-15,13802,1878,1566,9795,12911,1638,2041,14,1000,48.4,33.2,EXCESS,2026-04-18,2026-05-11,592
RF01016,PLNT_DAL,SL95,2026-05-15,3526,224,1487,2629,2679,1009,1695,11,100,8.6,12.2,OK,2026-05-01,2026-05-14,3858
RF01016,PLNT_ATL,SL37,2026-05-15,7397,673,1807,4915,6943,1576,1702,16,250,112.1,31.4,OK,2026-05-04,2026-05-15,1430
RF01016,PLNT_LAX,SL84,2026-05-15,6575,69,666,1594,5648,1789,2141,21,500,39.1,40.7,OK,2026-04-16,2026-05-09,4448
RF01017,PLNT_CHI,SL46,2026-05-15,10760,93,4614,8937,8587,1838,2148,11,100,113.3,169.7,EXCESS,2026-04-18,2026-05-09,4543
RF01017,PLNT_DAL,SL79,2026-05-15,9838,186,849,6561,9753,643,781,5,500,50.7,31.7,LOW,2026-04-24,2026-05-14,704
RF01017,PLNT_ATL,SL29,2026-05-15,779,1084,4602,427,566,1937,2356,8,100,7.1,7.4,EXCESS,2026-04-22,2026-05-14,824
RF01017,PLNT_LAX,SL43,2026-05-15,4037,1027,2696,1238,2904,797,1044,6,250,22.1,58.4,OK,2026-05-09,2026-05-14,3985
RF01018,PLNT_CHI,SL72,2026-05-15,1005,1714,4847,102,900,1624,2213,21,100,3.1,32.1,OK,2026-04-20,2026-05-08,1310
RF01018,PLNT_DAL,SL36,2026-05-15,14011,1795,1107,12823,8233,1637,1825,18,100,140.1,41.1,OK,2026-04-18,2026-05-15,1608
RF01018,PLNT_ATL,SL76,2026-05-15,4971,1137,723,2370,4595,1150,1935,3,250,44.8,11.5,OK,2026-04-18,2026-05-11,3097
RF01018,PLNT_LAX,SL70,2026-05-15,2239,1739,4178,1509,1234,1192,1368,9,1000,9.2,7.0,OK,2026-04-26,2026-05-14,2456
RF01020,PLNT_CHI,SL48,2026-05-15,9078,1258,910,6208,8078,1815,1996,4,1000,20.2,58.4,OK,2026-04-25,2026-05-13,1474
RF01020,PLNT_DAL,SL20,2026-05-15,5707,1884,2748,1784,4350,781,930,5,250,75.1,20.8,LOW,2026-04-15,2026-05-13,3682
RF01020,PLNT_ATL,SL53,2026-05-15,1088,342,2647,359,580,1032,1693,11,500,2.5,26.9,OK,2026-04-25,2026-05-10,2818
RF01020,PLNT_LAX,SL76,2026-05-15,7971,1076,2940,3489,6372,1675,1841,17,500,22.2,29.5,OK,2026-04-15,2026-05-12,978
RF01021,PLNT_CHI,SL65,2026-05-15,501,924,2849,480,332,956,1164,21,500,2.0,5.7,OK,2026-04-29,2026-05-11,1693
RF01021,PLNT_DAL,SL29,2026-05-15,13954,798,3311,2183,7725,577,1136,5,1000,36.3,60.1,OK,2026-05-07,2026-05-09,565
RF01021,PLNT_ATL,SL47,2026-05-15,7805,1759,2248,911,4370,246,1025,4,100,47.9,16.7,OK,2026-04-25,2026-05-09,1974
RF01021,PLNT_LAX,SL10,2026-05-15,4270,7,3373,3351,4029,282,906,17,100,10.8,11.7,LOW,2026-04-30,2026-05-13,4893
RF01023,PLNT_CHI,SL34,2026-05-15,2305,1027,911,498,1586,215,798,16,250,4.7,37.9,OK,2026-05-11,2026-05-13,1982
RF01023,PLNT_DAL,SL78,2026-05-15,2867,568,3858,1338,2549,1338,1596,12,100,9.0,15.7,EXCESS,2026-04-27,2026-05-11,761
RF01023,PLNT_ATL,SL67,2026-05-15,21,1239,948,7,16,758,952,4,500,0.0,1.1,OK,2026-05-08,2026-05-10,743
RF01023,PLNT_LAX,SL66,2026-05-15,13533,1899,1192,2698,7257,1946,2367,9,500,35.7,44.5,OK,2026-04-19,2026-05-15,4077
RF01025,PLNT_CHI,SL81,2026-05-15,4739,83,4905,3804,2592,440,1194,14,1000,27.4,42.2,EXCESS,2026-05-15,2026-05-14,694
RF01025,PLNT_DAL,SL41,2026-05-15,14662,617,632,10047,11935,814,1018,12,500,29.6,33.6,LOW,2026-04-21,2026-05-14,2651
RF01025,PLNT_ATL,SL46,2026-05-15,4717,1500,1055,4510,4568,1161,1830,16,1000,33.9,13.4,OK,2026-04-28,2026-05-12,684
RF01025,PLNT_LAX,SL96,2026-05-15,6316,465,3806,4573,3920,654,1106,18,100,14.2,17.4,OK,2026-05-08,2026-05-08,2552
RF01026,PLNT_CHI,SL50,2026-05-15,14808,1667,2719,9052,12161,690,1202,21,100,65.5,37.3,OK,2026-04-27,2026-05-11,670
RF01026,PLNT_DAL,SL63,2026-05-15,8924,1234,3521,800,6483,1755,2139,8,100,38.3,30.2,LOW,2026-04-28,2026-05-09,621
RF01026,PLNT_ATL,SL63,2026-05-15,6181,941,1970,1913,4329,336,485,15,500,14.1,30.4,OK,2026-05-14,2026-05-14,3769
RF01026,PLNT_LAX,SL38,2026-05-15,5215,856,4588,566,3991,494,1048,16,100,14.9,94.6,OK,2026-05-08,2026-05-15,4694
RF01027,PLNT_CHI,SL91,2026-05-15,4593,1255,3258,2422,3490,598,1188,15,250,22.5,14.5,CRIT,2026-04-18,2026-05-13,3146
RF01027,PLNT_DAL,SL96,2026-05-15,13151,377,1969,12188,11998,1994,2103,20,500,73.9,87.7,OK,2026-05-15,2026-05-15,2743
RF01027,PLNT_ATL,SL52,2026-05-15,1310,700,2020,815,696,1130,1359,12,100,12.5,8.2,OK,2026-05-01,2026-05-11,735
RF01027,PLNT_LAX,SL11,2026-05-15,6294,332,2273,1347,4783,556,1166,21,1000,22.4,38.1,EXCESS,2026-05-09,2026-05-12,1682
RF01028,PLNT_CHI,SL33,2026-05-15,10167,1906,1820,1352,7528,1827,2273,12,500,27.0,26.7,OK,2026-05-03,2026-05-12,877
RF01028,PLNT_DAL,SL33,2026-05-15,4579,1853,4915,742,2767,241,484,16,1000,35.2,16.7,OK,2026-05-10,2026-05-13,1573
RF01028,PLNT_ATL,SL79,2026-05-15,433,1899,1448,61,342,818,1007,16,1000,1.1,4.0,OK,2026-05-03,2026-05-09,2219
RF01028,PLNT_LAX,SL26,2026-05-15,7779,1678,2907,6156,7644,1958,2063,15,250,48.6,17.3,OK,2026-05-10,2026-05-15,2974
RF01029,PLNT_CHI,SL29,2026-05-15,8710,92,3424,1560,8311,1797,2263,3,250,83.8,64.4,LOW,2026-05-09,2026-05-10,2348
RF01029,PLNT_DAL,SL10,2026-05-15,8018,119,177,1505,5116,1437,2035,5,100,23.1,47.6,OK,2026-05-03,2026-05-13,2009
RF01029,PLNT_ATL,SL18,2026-05-15,13790,1052,3018,5798,8878,897,1382,11,1000,66.3,32.7,OK,2026-04-26,2026-05-13,2358
RF01029,PLNT_LAX,SL39,2026-05-15,7,169,3154,7,4,785,1237,9,250,0.0,5.0,OK,2026-05-05,2026-05-09,2872
RF01030,PLNT_CHI,SL11,2026-05-15,7226,1602,968,5037,6015,1703,2097,10,1000,16.5,57.8,LOW,2026-04-23,2026-05-14,1157
RF01030,PLNT_DAL,SL64,2026-05-15,10978,696,478,5645,9530,1124,1734,16,1000,28.4,33.9,CRIT,2026-05-02,2026-05-14,1524
RF01030,PLNT_ATL,SL99,2026-05-15,434,1327,2630,244,294,1805,2494,8,100,5.6,5.4,OK,2026-04-22,2026-05-15,1776
RF01030,PLNT_LAX,SL71,2026-05-15,2163,1282,4481,1809,2114,703,873,6,1000,8.8,10.0,OK,2026-05-02,2026-05-12,3246
RF01032,PLNT_CHI,SL25,2026-05-15,4031,1104,2914,2399,3713,477,731,9,1000,46.9,18.9,CRIT,2026-04-29,2026-05-11,4699
RF01032,PLNT_DAL,SL20,2026-05-15,6023,585,1247,4966,4747,1048,1373,18,100,40.7,87.3,OK,2026-04-22,2026-05-12,4215
RF01032,PLNT_ATL,SL41,2026-05-15,13601,1439,599,3394,12428,889,1240,21,250,74.7,68.1,OK,2026-04-25,2026-05-09,3612
RF01032,PLNT_LAX,SL23,2026-05-15,10036,1005,4536,3304,5966,627,856,18,500,38.5,33.5,OK,2026-05-05,2026-05-12,4790
RF01033,PLNT_CHI,SL95,2026-05-15,2284,1783,248,1588,1561,284,480,6,500,17.2,19.2,OK,2026-05-10,2026-05-09,4146
RF01033,PLNT_DAL,SL28,2026-05-15,14185,999,1499,4581,11597,1824,2149,14,100,62.8,32.6,EXCESS,2026-04-30,2026-05-10,3713
RF01033,PLNT_ATL,SL43,2026-05-15,5144,1083,3615,4188,3942,1738,2233,18,1000,14.7,52.6,OK,2026-04-19,2026-05-11,3511
RF01033,PLNT_LAX,SL90,2026-05-15,13606,282,2579,95,10221,446,568,12,1000,39.3,41.6,OK,2026-05-03,2026-05-10,1399
RF01034,PLNT_CHI,SL26,2026-05-15,2342,1537,3664,1711,1334,1876,2664,4,1000,16.6,28.5,LOW,2026-04-23,2026-05-15,4111
RF01034,PLNT_DAL,SL27,2026-05-15,9573,149,1073,9429,8670,1792,2112,11,500,46.9,23.0,LOW,2026-05-04,2026-05-15,2024
RF01034,PLNT_ATL,SL69,2026-05-15,2414,1126,51,1175,1708,1812,2112,12,1000,8.0,15.8,OK,2026-04-17,2026-05-13,3560
RF01034,PLNT_LAX,SL68,2026-05-15,1904,49,1667,471,1239,1969,2601,12,100,5.3,34.5,OK,2026-05-01,2026-05-13,2490
RF01036,PLNT_CHI,SL82,2026-05-15,3163,1430,2209,1297,3032,1110,1870,7,100,7.6,16.0,OK,2026-04-22,2026-05-08,596
RF01036,PLNT_DAL,SL76,2026-05-15,6478,873,1642,35,6016,603,1119,10,250,77.1,15.4,CRIT,2026-05-15,2026-05-15,4743
RF01036,PLNT_ATL,SL42,2026-05-15,4787,1583,4449,1667,3949,1230,1604,7,1000,11.0,21.3,CRIT,2026-04-24,2026-05-09,687
RF01036,PLNT_LAX,SL73,2026-05-15,12943,1482,702,11424,11249,1243,1513,20,1000,52.8,26.7,OK,2026-04-24,2026-05-11,2843
RF01037,PLNT_CHI,SL81,2026-05-15,14592,758,3434,4586,9937,1090,1803,7,100,35.1,137.1,CRIT,2026-05-11,2026-05-11,3527
RF01037,PLNT_DAL,SL57,2026-05-15,12510,102,7,1268,11623,1975,2170,21,250,57.1,54.8,OK,2026-05-04,2026-05-15,4930
RF01037,PLNT_ATL,SL46,2026-05-15,14381,522,558,1003,12073,299,620,19,100,177.5,89.6,OK,2026-05-03,2026-05-09,4669
RF01037,PLNT_LAX,SL76,2026-05-15,5569,1299,844,2248,3460,355,673,13,250,14.7,22.0,OK,2026-05-05,2026-05-10,4642
RF01038,PLNT_CHI,SL61,2026-05-15,818,1057,2603,390,674,603,746,3,100,2.9,4.2,CRIT,2026-05-01,2026-05-11,795
RF01038,PLNT_DAL,SL94,2026-05-15,1494,210,3316,1241,955,1445,1583,7,1000,3.7,10.0,LOW,2026-04-30,2026-05-14,4071
RF01038,PLNT_ATL,SL64,2026-05-15,1530,1636,4238,865,1415,418,892,19,1000,16.5,11.3,OK,2026-04-19,2026-05-09,4092
RF01038,PLNT_LAX,SL30,2026-05-15,5836,847,537,3903,5666,1386,2019,9,250,14.0,14.5,OK,2026-04-28,2026-05-12,3571
RF01039,PLNT_CHI,SL85,2026-05-15,3106,712,3456,1340,2206,723,1188,20,100,7.6,11.3,OK,2026-05-04,2026-05-12,2527
RF01039,PLNT_DAL,SL46,2026-05-15,9478,326,3177,6556,8315,1543,2250,19,250,96.7,25.5,LOW,2026-05-05,2026-05-15,1045
RF01039,PLNT_ATL,SL64,2026-05-15,11162,1122,3972,9908,9458,876,1528,11,1000,214.7,226.2,OK,2026-04-29,2026-05-10,2175
RF01039,PLNT_LAX,SL59,2026-05-15,2581,880,4853,2294,2127,1891,2464,8,1000,14.3,45.6,LOW,2026-04-20,2026-05-15,1848
RF01040,PLNT_CHI,SL64,2026-05-15,5241,218,1954,36,3012,457,1087,14,500,18.1,113.6,OK,2026-04-27,2026-05-08,1524
RF01040,PLNT_DAL,SL81,2026-05-15,14516,1771,1367,7926,8017,1678,1786,17,250,49.5,58.1,EXCESS,2026-04-15,2026-05-14,1490
RF01040,PLNT_ATL,SL50,2026-05-15,14398,262,3938,10690,10270,1756,2369,12,250,57.8,304.2,LOW,2026-05-14,2026-05-15,4125
RF01040,PLNT_LAX,SL28,2026-05-15,14866,1467,2282,2307,13282,369,618,5,100,74.0,89.0,OK,2026-04-17,2026-05-15,3357
RF01041,PLNT_CHI,SL22,2026-05-15,12105,1551,3499,1971,6553,1548,2143,17,1000,35.0,38.8,OK,2026-05-03,2026-05-10,4059
RF01041,PLNT_DAL,SL62,2026-05-15,5732,606,333,4974,3236,1780,2288,15,1000,13.6,35.1,OK,2026-05-08,2026-05-12,2855
RF01041,PLNT_ATL,SL29,2026-05-15,12762,330,2306,2267,7237,744,860,3,500,52.3,37.6,OK,2026-04-21,2026-05-08,2140
RF01041,PLNT_LAX,SL43,2026-05-15,11379,499,108,7514,11205,573,803,5,100,48.4,72.9,OK,2026-05-08,2026-05-09,910
RF01042,PLNT_CHI,SL20,2026-05-15,12488,1859,2693,608,6384,433,875,18,100,30.5,178.9,OK,2026-04-23,2026-05-13,3932
RF01042,PLNT_DAL,SL61,2026-05-15,146,714,4591,146,120,262,878,4,250,0.4,2.5,OK,2026-05-05,2026-05-08,2165
RF01042,PLNT_ATL,SL55,2026-05-15,3615,1007,731,2458,3233,852,1247,19,250,34.4,14.0,OK,2026-04-27,2026-05-14,2565
RF01042,PLNT_LAX,SL46,2026-05-15,6298,1390,1966,1276,6205,696,1313,16,1000,12.6,74.5,EXCESS,2026-04-15,2026-05-08,1636
RF01043,PLNT_CHI,SL28,2026-05-15,13390,1594,4247,2326,10848,1546,2063,16,500,53.3,70.9,OK,2026-04-17,2026-05-13,4580
RF01043,PLNT_DAL,SL14,2026-05-15,10974,1411,1157,340,6501,463,860,3,100,43.9,182.6,OK,2026-04-24,2026-05-09,643
RF01043,PLNT_ATL,SL45,2026-05-15,5236,426,1173,4059,4767,376,1079,3,500,20.5,51.7,LOW,2026-04-17,2026-05-12,2420
RF01043,PLNT_LAX,SL86,2026-05-15,5247,1459,1644,105,4881,1061,1832,9,1000,66.4,13.1,OK,2026-05-14,2026-05-12,1040
RF01044,PLNT_CHI,SL49,2026-05-15,9061,1748,4355,734,7640,1108,1741,6,100,28.4,69.6,OK,2026-04-15,2026-05-11,1028
RF01044,PLNT_DAL,SL89,2026-05-15,5490,1514,1885,404,4415,1313,2027,8,100,13.4,17.1,OK,2026-05-02,2026-05-14,2486
RF01044,PLNT_ATL,SL75,2026-05-15,12620,1615,674,2299,11497,1055,1558,8,100,31.9,56.6,OK,2026-05-04,2026-05-11,4259
RF01044,PLNT_LAX,SL54,2026-05-15,14649,1866,1804,1206,7865,1628,1990,17,100,29.8,220.7,EXCESS,2026-04-24,2026-05-12,2503
RF01045,PLNT_CHI,SL35,2026-05-15,137,1238,3668,128,100,1965,2692,16,1000,1.1,1.6,OK,2026-05-12,2026-05-11,1646
RF01045,PLNT_DAL,SL62,2026-05-15,10932,1502,2916,10610,10697,1064,1784,10,1000,25.0,135.1,OK,2026-04-30,2026-05-09,4423
RF01045,PLNT_ATL,SL71,2026-05-15,11306,815,1026,10783,6958,1975,2175,19,1000,34.6,47.1,EXCESS,2026-05-02,2026-05-10,701
RF01045,PLNT_LAX,SL68,2026-05-15,1438,1893,3289,352,832,1692,2462,15,250,11.0,8.2,OK,2026-05-01,2026-05-15,2095
RF01046,PLNT_CHI,SL51,2026-05-15,7332,346,1534,4508,4708,1518,2024,5,1000,20.5,24.3,OK,2026-04-26,2026-05-15,4299
RF01046,PLNT_DAL,SL82,2026-05-15,4774,1096,869,1110,3450,1389,2086,10,500,21.3,24.9,OK,2026-05-11,2026-05-09,3143
RF01046,PLNT_ATL,SL13,2026-05-15,9883,1124,1539,9126,6858,1912,2519,15,500,23.0,194.5,OK,2026-04-16,2026-05-14,2883
RF01046,PLNT_LAX,SL52,2026-05-15,2044,988,4517,1193,1852,1783,2334,6,1000,6.0,4.9,OK,2026-04-15,2026-05-10,3747
RF01047,PLNT_CHI,SL20,2026-05-15,5749,1327,935,2526,3597,1841,2036,20,1000,21.4,75.8,CRIT,2026-05-04,2026-05-15,535
RF01047,PLNT_DAL,SL86,2026-05-15,11770,1441,1482,8566,8107,1435,1723,11,500,34.9,60.4,LOW,2026-05-14,2026-05-12,636
RF01047,PLNT_ATL,SL25,2026-05-15,12680,208,1228,5568,7490,489,1192,9,100,226.4,34.1,OK,2026-04-19,2026-05-15,4541
RF01047,PLNT_LAX,SL94,2026-05-15,4509,1317,4921,2823,3898,550,1235,3,1000,31.8,31.2,CRIT,2026-05-02,2026-05-12,1475
RF01049,PLNT_CHI,SL15,2026-05-15,10387,27,4083,3204,10225,1348,1464,15,250,87.3,25.3,OK,2026-05-03,2026-05-09,1637
RF01049,PLNT_DAL,SL40,2026-05-15,4252,961,2361,203,2915,1637,2324,17,500,14.0,73.0,CRIT,2026-04-21,2026-05-11,2999
RF01049,PLNT_ATL,SL96,2026-05-15,6406,1591,4063,2094,6203,1558,2269,14,1000,15.3,24.4,EXCESS,2026-04-20,2026-05-12,3464
RF01049,PLNT_LAX,SL42,2026-05-15,10583,676,537,4598,7464,822,1181,14,250,27.5,37.3,EXCESS,2026-04-24,2026-05-09,3399
RF01050,PLNT_CHI,SL47,2026-05-15,14319,1150,1873,10835,11426,1252,1555,11,250,37.2,61.6,LOW,2026-04-18,2026-05-09,4551
RF01050,PLNT_DAL,SL40,2026-05-15,3536,315,240,3525,2179,1089,1590,12,500,7.6,18.6,OK,2026-04-30,2026-05-15,4660
RF01050,PLNT_ATL,SL93,2026-05-15,14763,836,4997,9189,12974,1447,1844,10,250,38.2,97.9,OK,2026-04-18,2026-05-09,3262
RF01050,PLNT_LAX,SL49,2026-05-15,14197,653,488,5917,8293,1296,1428,14,100,215.1,119.7,OK,2026-05-03,2026-05-08,1853
RF01051,PLNT_CHI,SL35,2026-05-15,12006,574,1410,9887,10400,1884,1992,4,1000,35.3,30.0,OK,2026-05-08,2026-05-08,1662
RF01051,PLNT_DAL,SL95,2026-05-15,13836,1287,39,3959,9231,1408,1830,11,500,216.2,53.2,OK,2026-04-28,2026-05-10,1400
RF01051,PLNT_ATL,SL48,2026-05-15,5805,703,189,5389,5048,278,1070,7,100,17.2,29.6,OK,2026-05-08,2026-05-14,1640
RF01051,PLNT_LAX,SL38,2026-05-15,14890,1537,4026,10165,7858,1150,1860,11,250,31.3,111.3,OK,2026-04-22,2026-05-14,1414
RF01052,PLNT_CHI,SL45,2026-05-15,2330,1779,1366,1642,1597,689,1461,14,100,16.2,9.0,OK,2026-04-28,2026-05-09,3615
RF01052,PLNT_DAL,SL98,2026-05-15,14845,104,4289,5955,10783,575,1358,14,100,90.5,114.9,OK,2026-04-24,2026-05-10,3355
RF01052,PLNT_ATL,SL15,2026-05-15,4793,1634,4944,662,2399,900,1082,11,1000,28.5,62.4,OK,2026-04-24,2026-05-11,3318
RF01052,PLNT_LAX,SL99,2026-05-15,13579,64,3423,2223,9697,932,1352,10,1000,93.6,32.8,OK,2026-05-01,2026-05-12,2527
RF01053,PLNT_CHI,SL21,2026-05-15,7246,1367,2600,6803,5298,712,1206,6,250,30.1,21.5,LOW,2026-04-18,2026-05-13,3984
RF01053,PLNT_DAL,SL75,2026-05-15,4216,527,4306,970,2123,407,684,16,100,9.3,25.0,OK,2026-05-15,2026-05-15,3972
RF01053,PLNT_ATL,SL12,2026-05-15,9355,1618,1924,5505,8751,679,864,16,250,34.3,142.2,OK,2026-05-14,2026-05-10,4922
RF01053,PLNT_LAX,SL39,2026-05-15,2340,1385,818,709,1900,1881,2109,16,1000,12.1,6.9,LOW,2026-04-16,2026-05-15,3027
RF01054,PLNT_CHI,SL17,2026-05-15,8226,297,3025,3969,4944,904,1096,12,250,40.7,133.2,CRIT,2026-05-11,2026-05-13,2445
RF01054,PLNT_DAL,SL56,2026-05-15,1754,1571,3039,904,1367,704,1065,7,1000,6.1,7.0,LOW,2026-05-12,2026-05-10,2898
RF01054,PLNT_ATL,SL20,2026-05-15,9674,1067,1663,4901,7637,249,641,11,250,35.4,50.8,OK,2026-04-20,2026-05-14,812
RF01054,PLNT_LAX,SL71,2026-05-15,11234,243,878,5254,11105,1537,1797,21,1000,43.5,29.7,OK,2026-04-15,2026-05-08,1536
RF01055,PLNT_CHI,SL37,2026-05-15,6386,1755,1324,4171,5930,1802,2249,5,1000,13.3,66.7,LOW,2026-05-13,2026-05-15,4624
RF01055,PLNT_DAL,SL22,2026-05-15,8014,1215,4505,2016,6388,668,1401,7,250,23.6,18.4,OK,2026-05-09,2026-05-08,4064
RF01055,PLNT_ATL,SL27,2026-05-15,12746,1156,4209,11181,9050,1191,1407,3,500,42.6,46.2,LOW,2026-05-04,2026-05-14,3556
RF01055,PLNT_LAX,SL50,2026-05-15,14145,104,84,13252,12691,602,759,11,500,266.9,32.8,LOW,2026-04-22,2026-05-12,4549
RF01056,PLNT_CHI,SL91,2026-05-15,9092,709,452,2786,6502,1455,1590,9,500,29.6,38.2,LOW,2026-05-14,2026-05-12,889
RF01056,PLNT_DAL,SL62,2026-05-15,4459,1402,3762,2850,3241,217,936,9,500,12.1,14.6,LOW,2026-05-11,2026-05-12,3973
RF01056,PLNT_ATL,SL41,2026-05-15,8875,1700,4501,2165,5219,1234,1432,4,100,64.3,123.9,CRIT,2026-05-05,2026-05-14,2496
RF01056,PLNT_LAX,SL79,2026-05-15,4006,635,1308,609,4001,775,1259,4,100,40.1,15.3,LOW,2026-05-10,2026-05-10,2433
RF01057,PLNT_CHI,SL96,2026-05-15,2847,792,4284,497,1543,264,927,9,100,10.9,14.3,CRIT,2026-05-08,2026-05-14,4423
RF01057,PLNT_DAL,SL75,2026-05-15,4022,1213,2508,2654,3027,1711,2200,3,1000,15.0,41.6,OK,2026-05-15,2026-05-10,1560
RF01057,PLNT_ATL,SL11,2026-05-15,1323,935,935,888,1076,726,928,4,1000,7.1,15.3,CRIT,2026-05-15,2026-05-10,1353
RF01057,PLNT_LAX,SL20,2026-05-15,2954,1566,902,2392,2790,643,1212,3,500,8.0,8.8,LOW,2026-05-04,2026-05-11,3476
RF01058,PLNT_CHI,SL54,2026-05-15,6886,693,3190,6739,6416,1440,2023,7,1000,19.3,27.1,OK,2026-05-13,2026-05-12,4097
RF01058,PLNT_DAL,SL28,2026-05-15,7309,1733,3486,1970,4915,1703,2503,6,1000,31.6,86.1,OK,2026-05-03,2026-05-09,4109
RF01058,PLNT_ATL,SL73,2026-05-15,8911,424,3758,1612,7309,648,773,14,500,27.2,37.6,LOW,2026-04-19,2026-05-15,1858
RF01058,PLNT_LAX,SL18,2026-05-15,11951,618,2434,6405,8828,486,808,12,1000,85.4,52.3,OK,2026-05-09,2026-05-15,2931
RF01059,PLNT_CHI,SL22,2026-05-15,11140,1401,2442,2852,6011,426,599,17,1000,28.3,48.0,OK,2026-04-29,2026-05-12,1423
RF01059,PLNT_DAL,SL63,2026-05-15,9846,536,3925,445,7796,1012,1656,16,250,39.7,45.8,OK,2026-04-27,2026-05-09,4682
RF01059,PLNT_ATL,SL80,2026-05-15,14784,1144,1895,48,14553,1189,1311,9,1000,77.0,104.9,OK,2026-04-26,2026-05-12,3789
RF01059,PLNT_LAX,SL28,2026-05-15,11942,1596,4864,1861,6525,664,844,14,250,31.5,42.5,EXCESS,2026-05-03,2026-05-10,2327
RF01060,PLNT_CHI,SL58,2026-05-15,4590,1521,1189,771,4255,331,475,11,100,14.0,47.0,OK,2026-05-10,2026-05-11,4430
RF01060,PLNT_DAL,SL78,2026-05-15,2032,233,3656,1426,1435,1262,1559,3,100,4.6,9.6,OK,2026-04-19,2026-05-08,3241
RF01060,PLNT_ATL,SL83,2026-05-15,11094,977,2333,9529,6062,1117,1755,19,500,39.8,38.2,OK,2026-05-10,2026-05-13,1372
RF01060,PLNT_LAX,SL52,2026-05-15,8033,855,2915,4233,5012,454,667,11,1000,82.0,28.1,OK,2026-05-12,2026-05-15,4044
RF01061,PLNT_CHI,SL41,2026-05-15,1261,193,3341,409,1165,1208,1524,13,1000,9.3,12.9,EXCESS,2026-05-04,2026-05-10,4175
RF01061,PLNT_DAL,SL86,2026-05-15,13401,624,4987,6725,11616,564,1088,6,1000,44.8,50.8,OK,2026-04-27,2026-05-12,4805
RF01061,PLNT_ATL,SL60,2026-05-15,13974,1086,1365,11431,13587,1612,2316,21,100,129.4,39.1,CRIT,2026-04-30,2026-05-14,3989
RF01061,PLNT_LAX,SL59,2026-05-15,8089,454,1593,3453,4317,912,1205,8,100,72.9,102.0,OK,2026-04-18,2026-05-10,2693
RF01062,PLNT_CHI,SL41,2026-05-15,9476,975,1338,5853,7053,275,421,12,100,39.5,25.9,OK,2026-05-08,2026-05-10,3949
RF01062,PLNT_DAL,SL29,2026-05-15,14807,986,2281,12001,13023,1880,2220,21,100,41.2,135.9,OK,2026-05-05,2026-05-10,1367
RF01062,PLNT_ATL,SL51,2026-05-15,7175,1142,546,5155,4148,1856,2234,5,250,14.9,17.3,OK,2026-05-02,2026-05-13,1370
RF01062,PLNT_LAX,SL14,2026-05-15,13416,248,4440,6474,11506,1640,1926,9,1000,39.2,86.7,OK,2026-05-12,2026-05-12,2561
